Card,Set ID,Set Name,Quantity,Foil,Variation,Collector Number,Scryfall ID
Accursed Witch,SOI,Shadows over Innistrad,1,regular,"",97,
Acid-Spewer Dragon,DTK,Dragons of Tarkir,1,regular,"",86,
Act of Aggression,NPH,New Phyrexia,1,regular,"",78,
Adarkar Wastes,DMU,Dominaria United,1,regular,"",243,08ae1037-6f70-41a9-b75e-98fa9a2152c8
Admiral's Order,RIX,Rivals of Ixalan,1,regular,"",31,80dc0310-afd9-49b4-b58f-a0e91120c38c
Aeromunculus,RNA,Ravnica Allegiance,2,regular,"",152,
Aether Gust,M20,Core Set 2020,1,regular,"",42,
Aether Spellbomb,MRD,Mirrodin,4,regular,"",141,
Agent of Treachery,M20,Core Set 2020,1,regular,"",43,
Agent's Toolkit,NCC,Streets of New Capenna Commander,1,regular,"",66,64cbb81d-3444-4491-963f-8ce9a9430788
Ainok Survivalist,DTK,Dragons of Tarkir,2,regular,"",172,
Air Elemental,M20,Core Set 2020,2,regular,"",44,
Ajani Unyielding,NCC,Streets of New Capenna Commander,1,regular,"",324,41000308-144d-4d3b-afec-e3928d20edfc
Akoum Refuge,C17,Commander 2017,1,regular,"",233,
Akroma's Blessing,ONS,Onslaught,1,regular,"",1,
Allied Reinforcements,OGW,Oath of the Gatewatch,1,regular,"",15,
Ambuscade Shaman,DTK,Dragons of Tarkir,1,regular,"",87,
Ancestral Blade,M20,Core Set 2020,1,regular,"",3,
Ancient Den,MRD,Mirrodin,4,regular,"",278,
Angel of Vitality,M20,Core Set 2020,1,regular,"",4,
Angelic Exaltation,RNA,Ravnica Allegiance,1,regular,"",2,
Angelic Sleuth,NCC,Streets of New Capenna Commander,1,regular,"",12,b0d044fe-9a6b-4994-9fad-2cc52696f90d
Annex Sentry,ONE,Phyrexia: All Will Be One,1,regular,"",2,04baad61-1b51-4602-9e33-0de4a9f34793
Apostle of Purifying Light,M20,Core Set 2020,1,regular,"",6,
Arashin Sovereign,DTK,Dragons of Tarkir,1,regular,"",212,
Arcane Signet,CLB,Commander Legends: Battle for Baldur's Gate,1,regular,"",298,5b245a5b-5a99-4d22-99ef-3f5bf49c3262
Arcane Signet,MIC,Innistrad: Midnight Hunt Commander,1,regular,"",157,993dfead-1c44-47a7-bd37-f57e47bc1203
Arcane Signet,NCC,Streets of New Capenna Commander,1,regular,"",360,f3ee9829-f4c0-44a0-8252-4097402e2f8d
Archpriest of Iona,CLB,Commander Legends: Battle for Baldur's Gate,1,regular,"",686,0b0b1acd-68e5-4922-8b51-06fa7eda984c
"Arlinn, Voice of the Pack",WAR,War of the Spark,1,regular,"",150,5391d2f1-e8d3-4d39-98cf-367888e10534
Ascendant Packleader,VOW,Innistrad: Crimson Vow,2,regular,"",186,142c5b67-5de9-41da-b57f-7ce771457a3e
Ascendant Packleader,VOW,Innistrad: Crimson Vow,1,foil,"",186,142c5b67-5de9-41da-b57f-7ce771457a3e
Ash Barrens,CLB,Commander Legends: Battle for Baldur's Gate,1,regular,"",880,fb71aebf-f5d3-45ee-91a4-51088f7141ec
Ash Barrens,NCC,Streets of New Capenna Commander,1,regular,"",386,5233b31f-a179-4ae9-95a2-2ff75b374edf
"Ashiok, Dream Render",WAR,War of the Spark,1,regular,"",228,f2df3258-c053-48a8-974f-d80899b2cd93
"Ashiok, Dream Render",WAR,War of the Spark,1,foil,"",228,f2df3258-c053-48a8-974f-d80899b2cd93
Ashnod's Intervention,BRO,The Brothers' War,1,regular,"",85,bcf491db-d12b-4c58-9c05-085cac34a73e
Assert Authority,MRD,Mirrodin,4,regular,"",30,
Atarka Monument,DTK,Dragons of Tarkir,2,regular,"",235,
Atarka Pummeler,DTK,Dragons of Tarkir,1,regular,"",129,
Atzocan Seer,RIX,Rivals of Ixalan,4,regular,"",153,fe84b3c0-bca2-42d3-a82c-540644e59625
Austere Command,CLB,Commander Legends: Battle for Baldur's Gate,1,regular,"",687,3d24036e-075f-4991-a740-a9d943722ad2
Autumnal Gloom,SOI,Shadows over Innistrad,1,regular,"",194,
Aven Courier,NCC,Streets of New Capenna Commander,1,regular,"",22,7bb0e478-c359-4523-a1e1-ba711a8cb8e0
Aven Mimeomancer,NCC,Streets of New Capenna Commander,1,regular,"",329,c50162a7-a791-4afc-a129-d259cd4419f2
Aven Mindcensor,CLB,Commander Legends: Battle for Baldur's Gate,1,regular,"",688,d4cf468f-4e9d-4551-a0ed-10bd6a2316ad
Avenging Huntbonder,NCC,Streets of New Capenna Commander,1,regular,"",194,05e201fa-fdd3-45bf-89a2-dae8c896aa28
Azorius Guildgate,RNA,Ravnica Allegiance,1,regular,243,243,
Azorius Guildgate,RNA,Ravnica Allegiance,2,regular,244,243,
Azorius Skyguard,RNA,Ravnica Allegiance,1,regular,"",155,
Back to Nature,M15,Magic 2015 Core Set,1,regular,"",169,
Bag of Holding,M20,Core Set 2020,1,regular,"",222,
Balduvian Atrocity,DMU,Dominaria United,1,regular,"",79,365333c4-59a0-4365-b242-a67b6224c1b8
Balduvian Berserker,DMU,Dominaria United,1,regular,"",116,c35bab2f-8464-4968-8c50-8807638d687b
Bant Charm,NCC,Streets of New Capenna Commander,1,regular,"",330,c27fff99-2ed2-4ab5-955f-108c5513faf1
Bant Panorama,NCC,Streets of New Capenna Commander,1,regular,"",387,dc506497-4ecd-41d3-9042-f92f498251b0
Barkhide Troll,M20,Core Set 2020,1,regular,"",165,
Barrage of Expendables,M14,Magic 2014 Core Set,1,regular,"",127,
Basilisk Collar,WWK,Worldwake,1,regular,"",122,
Battle Mastery,DTK,Dragons of Tarkir,1,regular,"",7,
Battlefield Butcher,BRO,The Brothers' War,1,regular,"",86,90c47e31-d4f6-46f3-94b7-1726c4a4a8eb
Bedevil,RNA,Ravnica Allegiance,1,regular,"",157,
Bedevil,RNA,Ravnica Allegiance,1,foil,"",157,
Bellowing Aegisaur,XLN,Ixalan,2,regular,"",4,
Belltoll Dragon,DTK,Dragons of Tarkir,1,regular,"",46,
Benalish Marshal,DOM,Dominaria,1,regular,"",6,
Besmirch,CN2,Conspiracy: Take the Crown,1,regular,"",49,
Black Market Connections,CLB,Commander Legends: Battle for Baldur's Gate,1,regular,"",669,d13cb0d3-3452-4c1f-81ec-024b4c45bbad
Bladed Ambassador,ONE,Phyrexia: All Will Be One,1,regular,"",5,0bd8d2b8-4caf-4349-9538-0dfbebf0ce1b
Bladehold War-Whip,ONE,Phyrexia: All Will Be One,1,regular,"",197,563e9ba5-e0ec-4fb3-8301-689aa145cc19
Blazing Hellhound,2X2,Double Masters 2022,1,regular,"",183,a8b85603-0ac6-4587-9724-e35ac06ffab9
Blessing of Belzenlok,DOM,Dominaria,1,regular,"",77,
Blightbeetle,M20,Core Set 2020,2,regular,"",87,
Blood for Bones,M20,Core Set 2020,1,regular,"",89,
Blood-Chin Rager,DTK,Dragons of Tarkir,1,regular,"",89,
Bloodfell Caves,M20,Core Set 2020,2,regular,"",242,
Bloodghast,ZEN,Zendikar,1,regular,"",83,
Bloodsoaked Champion,CLB,Commander Legends: Battle for Baldur's Gate,1,regular,"",740,275d6137-5eff-4e82-8232-64e8679bc11c
Bloody Betrayal,VOW,Innistrad: Crimson Vow,1,regular,"",147,8970a5d6-dcab-415a-851b-20e228ef7d16
Blossoming Sands,M20,Core Set 2020,1,regular,"",243,
Body Count,NCC,Streets of New Capenna Commander,1,regular,"",34,024bf289-2802-4f11-aebf-9373ffbd9c46
Bojuka Bog,CLB,Commander Legends: Battle for Baldur's Gate,1,regular,"",882,f8f1c157-cebc-45fe-9caa-1ea4b305ccfc
Bolt Bend,WAR,War of the Spark,1,regular,"",115,39b35408-3728-4e1b-9f58-b0775df914d6
Bond of Discipline,WAR,War of the Spark,1,regular,"",6,bb7c78bb-9f2a-47a4-adc4-b497bb38f46f
Bond of Insight,WAR,War of the Spark,1,regular,"",43,648629af-e911-49e1-b564-c98f339b84a1
Bond of Revival,WAR,War of the Spark,1,regular,"",80,c6482fb9-f874-4e33-aa74-7a0da4c9760c
Bone Splinters,M20,Core Set 2020,1,regular,"",92,
Boomerang,9ED,Ninth Edition,4,regular,"",66,
Braids's Frightful Return,DMU,Dominaria United,2,regular,"",85,49aa8d4c-04e9-4f38-9786-2c9ad735dd72
Brass Squire,MBS,Mirrodin Besieged,4,regular,"",101,
Briarbridge Patrol,SOI,Shadows over Innistrad,1,regular,"",195,
Briarpack Alpha,DKA,Dark Ascension,4,regular,"",108,
Bribe Taker,NCC,Streets of New Capenna Commander,1,regular,"",55,70aeb0a0-67dc-4cee-9b88-000e98b11d2c
Brineborn Cutthroat,M20,Core Set 2020,1,regular,"",50,
Brokers Ascendancy,SNC,Streets of New Capenna,1,regular,showcase,297,2aa2713b-5df0-4e54-89bf-30b5aeba9ac7
Brokers Charm,SNC,Streets of New Capenna,1,regular,"",171,74c9c315-1cf4-468e-a74a-b5f3be4a63a1
Brokers Confluence,NCC,Streets of New Capenna Commander,1,regular,"",68,657ff5fc-1a95-46f9-85f7-fc1ad757c8c4
Brokers Hideout,SNC,Streets of New Capenna,1,regular,"",248,989b299b-daa9-4bda-94e2-9a2f0e8f2bce
Broodstar,MRD,Mirrodin,2,regular,"",31,
"Burakos, Party Leader",CLB,Commander Legends: Battle for Baldur's Gate,1,foil,"",653,899e278d-5d4e-461a-9878-2b85de16b38d
Burning-Yard Trainer,ELD,Throne of Eldraine,1,regular,"",117,17755d1b-3a56-4362-a534-85b35ceb1802
Butcher of Malakir,CLB,Commander Legends: Battle for Baldur's Gate,1,regular,"",741,b23c18f8-a19f-406a-ad60-491087f9d660
Bygone Bishop,CLB,Commander Legends: Battle for Baldur's Gate,1,regular,"",689,cf879fc7-9f84-40a7-a7be-9cc98a720af5
Calculating Lich,CLB,Commander Legends: Battle for Baldur's Gate,1,regular,"",742,a5dccdab-9dda-4964-9b1a-eec6d31c7995
Canopy Vista,NCC,Streets of New Capenna Commander,1,regular,"",389,79dffd83-05c8-4698-9677-5decb997e29f
Captivating Gyre,M20,Core Set 2020,1,regular,"",51,
Carnage Tyrant,XLN,Ixalan,2,regular,"",179,
Carrier Thrall,BFZ,Battle for Zendikar,1,regular,"",106,
Castle Locthwain,CLB,Commander Legends: Battle for Baldur's Gate,1,regular,"",884,19336e3a-2242-4a30-a563-32f2e4fc18e9
Cavalcade of Calamity,RNA,Ravnica Allegiance,1,regular,"",95,
Challenger Troll,WAR,War of the Spark,1,regular,"",157,328d778a-ef16-437f-9a9d-204cf061919b
Champion of Stray Souls,C19,Commander 2019,1,regular,"",109,f0efbddb-c076-4552-b417-3608e0696a77
Champion of the Flame,DOM,Dominaria,1,regular,"",116,
Chandra's Regulator,M20,Core Set 2020,1,regular,"",131,
"Chandra, Acolyte of Flame",M20,Core Set 2020,1,regular,"",126,
Changeling Outcast,CLB,Commander Legends: Battle for Baldur's Gate,1,regular,"",743,0d2c053f-0ef8-45f2-b2af-24cbb9a7fec4
Charforger,ONE,Phyrexia: All Will Be One,1,regular,"",199,45db6b46-c4b4-4684-8a49-53a64ffc82f2
Chief of the Edge,KTK,Khans of Tarkir,2,regular,"",169,
Chief of the Scale,KTK,Khans of Tarkir,2,regular,"",170,
Cinder Barrens,OGW,Oath of the Gatewatch,1,regular,"",168,
Circle of Elders,DTK,Dragons of Tarkir,1,regular,"",176,
Circular Logic,UMA,Ultimate Masters,1,regular,"",47,
Coat with Venom,DTK,Dragons of Tarkir,1,regular,"",91,
Colossal Majesty,AFC,Adventures in the Forgotten Realms Commander,2,regular,"",154,5db24df1-580f-4ff5-91a7-9a64a8352883
Colossal Majesty,M19,Core Set 2019,4,regular,"",173,
Colossus Hammer,M20,Core Set 2020,2,regular,"",223,
Command Tower,C21,Commander 2021,1,regular,"",284,b53a112c-671c-4312-af56-53fdb735829b
Command Tower,CLB,Commander Legends: Battle for Baldur's Gate,1,regular,"",351,7eafe88e-ab38-442c-b147-bb01cc81178d
Command Tower,NCC,Streets of New Capenna Commander,1,regular,"",395,43a32bdf-c430-46a0-9d23-8b8e8468391b
Commander's Sphere,CMR,Commander Legends,1,regular,"",306,a01c16a5-bc50-406f-9ab1-e8346acffbca
Commander's Sphere,NCC,Streets of New Capenna Commander,1,regular,"",363,e4330ad8-ce2c-47bd-8956-c5e19bdbf4e0
Commence the Endgame,WAR,War of the Spark,1,regular,"",45,209d70a2-c8c1-4072-ab1f-57804b55a09a
Commune with Dinosaurs,XLN,Ixalan,4,regular,"",181,
Conclave Sledge-Captain,MOC,March of the Machine Commander,1,regular,"",36,99ad5807-2adc-40d7-b398-d03fd2cd58b9
Contractual Safeguard,NCC,Streets of New Capenna Commander,2,regular,"",14,f0428cba-a895-4dbd-b495-8f358bb632cf
Corpse Appraiser,SNC,Streets of New Capenna,1,regular,showcase,302,ee198ea7-729a-47ce-89dd-43f77f60247b
Corpse Augur,CLB,Commander Legends: Battle for Baldur's Gate,1,regular,"",744,600eaa36-5497-42dc-8d21-a5fcdd01fa79
Counterspell,TE,Tempest,4,regular,"",,
Cranial Plating,5DN,Fifth Dawn,4,regular,"",113,
Crater Elemental,DTK,Dragons of Tarkir,1,regular,"",132,
Creeping Trailblazer,M20,Core Set 2020,1,regular,"",207,
Crew Captain,SNC,Streets of New Capenna,1,foil,showcase,303,2e9e01f5-393e-4f01-86b9-112a9084ad2f
Crew Captain,SNC,Streets of New Capenna,1,regular,"",180,99806615-2f4a-4fe4-82f8-83445ae93a97
Crib Swap,CLB,Commander Legends: Battle for Baldur's Gate,1,regular,"",690,e13559d7-f86c-4958-a649-7f81bfb154a0
Crumble,ATQ,Antiquities,4,regular,"",,
Crypt Champion,DIS,Dissension,1,regular,"",40,
Cryptic Trilobite,C20,Commander 2020,1,regular,"",21,
Crystalline Giant,NCC,Streets of New Capenna Commander,1,regular,"",364,e5e0e7fa-d911-449b-8902-921d861f1d13
Cult Conscript,DMU,Dominaria United,1,regular,"",88,fed77513-94ab-44e2-b9a1-30ba927cd6ee
Cultivate,AFC,Adventures in the Forgotten Realms Commander,1,regular,"",155,2c7b84c8-b79d-4d05-8d2e-23657bd6ca7c
Cunning Breezedancer,DTK,Dragons of Tarkir,2,regular,"",215,
Cyclops Electromancer,WAR,War of the Spark,1,regular,"",122,da0966a6-f378-4975-88ae-23b600d578bf
Damning Verdict,NCC,Streets of New Capenna Commander,1,regular,"",15,5be40c34-6df0-4471-b99b-850ae2be9923
Dance of the Skywise,DTK,Dragons of Tarkir,1,regular,"",50,
Darksteel Myr,SOM,Scars of Mirrodin,4,regular,"",151,
Dauntless Escort,2X2,Double Masters 2022,1,regular,"",199,970ccd70-4b94-4287-977e-6262731c58d1
Deadly Dispute,CLB,Commander Legends: Battle for Baldur's Gate,1,regular,"",124,f5172be3-4379-43fc-98bd-e77c579dea55
Deadly Wanderings,DTK,Dragons of Tarkir,2,regular,"",94,
Deadwood Treefolk,PLC,Planar Chaos,1,regular,"",126,
Death-Rattle Oni,MAT,March of the Machine: The Aftermath,1,regular,"",13,d5e0b5cf-39e8-454f-a942-f7865416ef81
Deathsprout,WAR,War of the Spark,1,regular,"",189,6d615557-aea8-4057-9fbd-d62dd98edc13
Declaration in Stone,NCC,Streets of New Capenna Commander,1,regular,"",196,6f5513a2-e63d-44df-b8a5-37c298e38e3c
Deep Gnome Terramancer,CLB,Commander Legends: Battle for Baldur's Gate,1,regular,"",658,cc75f9f1-5873-450f-a0b2-871b55036954
Demolition Field,BRO,The Brothers' War,1,regular,"",260,d9c88546-13c9-4d7e-a618-cb2ccd1dbc0f
Den Protector,DTK,Dragons of Tarkir,1,regular,"",181,
"Denry Klin, Editor in Chief",NCC,Streets of New Capenna Commander,1,regular,"",71,ac40ca08-50e6-46e6-9d50-c4e84325620d
Despark,CLB,Commander Legends: Battle for Baldur's Gate,1,regular,"",841,83902f7a-b675-45a6-8d03-a4e82335547a
Despark,WAR,War of the Spark,1,regular,"",190,32b17dfc-b916-4134-ba77-501cff435e7e
Destroy Evil,DMU,Dominaria United,1,regular,"",17,4f7862ef-2c8d-4d28-9e50-7cc41861f245
Devilish Valet,SNC,Streets of New Capenna,1,regular,"",105,45d3fc69-6c5e-4ede-9f8d-c1cee096a78a
Devils' Playground,SOI,Shadows over Innistrad,1,regular,"",151,
Devoted Druid,NCC,Streets of New Capenna Commander,1,regular,"",286,56f7c91c-5075-43b7-890d-a49b4a87f9df
Diamond Knight,M20,Core Set 2020,1,regular,"",224,
Dinosaur Stampede,XLN,Ixalan,4,regular,"",140,
Dire Fleet Ravager,CLB,Commander Legends: Battle for Baldur's Gate,1,regular,"",749,887384de-403c-4cca-b542-ce0303100d42
Diregraf Horde,MID,Innistrad: Midnight Hunt,1,regular,"",96,153be768-ddad-44f2-bcdd-c40353c807d7
Disciple of Bolas,NCC,Streets of New Capenna Commander,1,regular,"",247,c0801fd0-1f6c-45ea-94aa-80cf0c017f57
Dismal Backwater,FRF,Fate Reforged,1,regular,"",168,
Dismantling Wave,C20,Commander 2020,1,regular,"",25,
Dismiss,CN2,Conspiracy: Take the Crown,1,regular,"",108,
Display of Dominance,DTK,Dragons of Tarkir,1,regular,"",182,
Distortion Strike,ROE,Rise of the Eldrazi,1,regular,"",60,
Domri's Ambush,WAR,War of the Spark,1,regular,"",192,b0dcae59-e9be-45a8-8ed8-5b47309bb716
Draconic Roar,DTK,Dragons of Tarkir,2,regular,"",134,
Drag to the Bottom,DMU,Dominaria United,1,regular,"",91,9d243099-94b1-4571-96af-4c5a34241911
Dragon Hunter,DTK,Dragons of Tarkir,1,regular,"",10,
Dragon Mage,M20,Core Set 2020,1,regular,"",135,
Dragon Throne of Tarkir,KTK,Khans of Tarkir,1,regular,"",219,
Dragon Whelp,DMU,Dominaria United,1,regular,"",120,d13d40b9-319b-4630-a5cd-228ff2f24367
Dragonloft Idol,DTK,Dragons of Tarkir,1,regular,"",237,
Dragonlord's Servant,DTK,Dragons of Tarkir,1,regular,"",138,
Dread Drone,MM2,Modern Masters 2015 Edition,1,regular,"",80,
Dreadhorde Invasion,WAR,War of the Spark,1,regular,"",86,04c6e42d-991d-4e6b-a900-38480931f79e
Driver of the Dead,AVR,Avacyn Restored,1,regular,"",99,
Dromoka Captain,DTK,Dragons of Tarkir,1,regular,"",12,
Dromoka Monument,DTK,Dragons of Tarkir,2,regular,"",238,
Dromoka's Command,DTK,Dragons of Tarkir,1,regular,"",221,
Dromoka's Gift,DTK,Dragons of Tarkir,2,regular,"",184,
Drover of the Mighty,XLN,Ixalan,4,regular,"",187,
Drown in the Loch,ELD,Throne of Eldraine,1,regular,"",188,8bf5df5b-164d-4ec2-a5e6-bbaea152e271
Drowned Catacomb,M12,Magic 2012,4,regular,"",226,
Duelist's Heritage,CM2,Commander Anthology 2018,1,regular,"",26,
Duress,DMR,Dominaria Remastered,1,regular,"",81,68cd43ba-646b-44b3-a1a5-0e6b6ceca866
Dusk // Dawn,CLB,Commander Legends: Battle for Baldur's Gate,1,regular,"",691,f295b713-1d6a-43fd-910d-fb35414bf58a
Echoes of the Kin Tree,DTK,Dragons of Tarkir,1,regular,"",15,
Eight-and-a-Half-Tails,CLB,Commander Legends: Battle for Baldur's Gate,1,regular,"",692,ef722374-0305-4c30-ab45-cb772b252faf
Eldrazi Monument,ZEN,Zendikar,1,regular,"",199,
Electrodominance,RNA,Ravnica Allegiance,1,regular,"",99,
Electrostatic Infantry,DMU,Dominaria United,2,regular,"",122,5ed2d72f-f1cf-45a7-adf7-969f531721ce
Elemental Bond,ORI,Magic Origins,2,regular,"",174,
Elixir of Immortality,M14,Magic 2014 Core Set,4,regular,"",209,
Embodiment of Agonies,M20,Core Set 2020,1,regular,"",98,
Emergence Zone,WAR,War of the Spark,1,regular,"",245,ab95f6e7-b806-47fe-a071-6c38b3176d94
Emrakul's Hatcher,ROE,Rise of the Eldrazi,1,regular,"",142,
Encase in Ice,DTK,Dragons of Tarkir,2,regular,"",54,
Enduring Scalelord,DTK,Dragons of Tarkir,1,regular,"",222,
"Erinis, Gloom Stalker",CLB,Commander Legends: Battle for Baldur's Gate,1,foil,showcase,407,f73d15f7-d36c-45b8-a933-dac17040c9ee
Escape Velocity,THB,Theros: Beyond Death,1,regular,"",132,90c2a3da-2458-4921-8574-9eb9d5925ae8
"Etali, Primal Storm",RIX,Rivals of Ixalan,1,regular,"",100,1d3d8bb4-0430-45bb-930d-5d6db6521945
Eternal Isolation,M20,Core Set 2020,1,regular,"",15,
Etherium Sculptor,MMA,Modern Masters,4,regular,"",44,
Everflowing Chalice,NCC,Streets of New Capenna Commander,1,regular,"",366,ba721716-e19a-4ac5-9b44-1a18ad51554b
Evolution Sage,NCC,Streets of New Capenna Commander,1,regular,"",287,245cb567-5d71-49ca-8670-46197ccdac8a
Evolving Wilds,CLB,Commander Legends: Battle for Baldur's Gate,1,regular,"",352,bbc8841a-0f6e-4078-a0b9-a4bda642182e
Evolving Wilds,DTK,Dragons of Tarkir,3,regular,"",248,
Exotic Orchard,NCC,Streets of New Capenna Commander,1,regular,"",400,7ebb6c13-e495-4953-a036-b99426e507ef
Exotic Pets,SNC,Streets of New Capenna,1,regular,"",185,902f1ed8-5c10-45e4-8f2f-182e800faab4
Explorer's Scope,ZEN,Zendikar,1,regular,"",202,
Explosive Vegetation,DTK,Dragons of Tarkir,1,regular,"",186,
Eyes Everywhere,RNA,Ravnica Allegiance,1,regular,"",38,
"Falco Spara, Pactweaver",SNC,Streets of New Capenna,1,regular,showcase,307,17bbac59-da58-49d8-887e-272dd90724b4
Falkenrath Noble,VOC,Innistrad: Crimson Vow Commander,1,regular,"",128,89420882-5833-46f0-9a3f-3c8e694074df
Family's Favor,NCC,Streets of New Capenna Commander,1,regular,"",59,afb85bc6-7799-48c6-98c0-04dd7ced4058
Fathom Mage,NCC,Streets of New Capenna Commander,1,regular,"",339,22be6c55-f95e-498e-b6d2-65b7ed57d2d3
"Feather, the Redeemed",WAR,War of the Spark,1,regular,"",197,e4a2d2c6-8eaa-4760-b620-921b807baa2e
"Felisa, Fang of Silverquill",CLB,Commander Legends: Battle for Baldur's Gate,1,regular,"",845,18b8abf0-e8c3-4c19-bdf1-18aabe75a3de
Fellwar Stone,NCC,Streets of New Capenna Commander,1,regular,"",367,68c3d065-0519-4472-ae6e-23f58af5e859
Fellwar Stone,ONC,Phyrexia: All Will Be One Commander,1,regular,"",130,b1914459-b29f-45c3-8def-39d1790a31c3
Fencing Ace,M20,Core Set 2020,1,regular,"",16,
Feral Invocation,M20,Core Set 2020,5,regular,"",170,
Ferocious Pup,M20,Core Set 2020,2,regular,"",171,
Fevered Visions,SOI,Shadows over Innistrad,1,regular,"",244,
Final Parting,DOM,Dominaria,1,regular,"",93,
Final Payment,RNA,Ravnica Allegiance,1,regular,"",171,
Firefist Adept,DOM,Dominaria,1,foil,"",121,
Firja's Retribution,CLB,Commander Legends: Battle for Baldur's Gate,1,regular,"",846,e7d1bbe5-c63e-4a8d-b79a-0dcca221a726
Flame Sweep,M20,Core Set 2020,1,regular,"",139,
Fleeting Memories,SOI,Shadows over Innistrad,1,regular,"",62,
Fling,M12,Magic 2012,1,regular,"",134,
Flood of Tears,M20,Core Set 2020,1,regular,"",59,
Flooded Grove,NCC,Streets of New Capenna Commander,1,regular,"",402,680477b2-9406-4108-acbd-dadce03d36b1
Folk Hero,CLB,Commander Legends: Battle for Baldur's Gate,1,foil,"",650,a8b3aae8-fc36-45ed-84ed-efb8f543cada
Font of Agonies,RNA,Ravnica Allegiance,1,regular,"",74,
Forerunner of the Empire,RIX,Rivals of Ixalan,4,regular,"",102,947644ab-02b3-4ebe-b62a-c087ab205ab0
Forest,AVR,Avacyn Restored,1,regular,244,244,
Forest,M11,Magic 2011,1,regular,246,246,
Forest,DTK,Dragons of Tarkir,2,regular,262,262,
Forest,DTK,Dragons of Tarkir,3,regular,263,263,
Forest,DTK,Dragons of Tarkir,1,foil,263,263,
Forest,DTK,Dragons of Tarkir,2,regular,264,264,
Forest,ELD,Throne of Eldraine,1,regular,266,266,f8f03bb2-313e-4688-945f-052eed678174
Forest,ORI,Magic Origins,4,regular,269,269,
Forest,ORI,Magic Origins,2,regular,270,270,
Forest,SNC,Streets of New Capenna,2,regular,270,270,c086cb5e-3146-4a41-a471-fcbbf8fa4e09
Forest,ORI,Magic Origins,3,regular,271,271,
Forest,SNC,Streets of New Capenna,2,regular,271,271,818442df-fb81-4f1c-bcf2-fbd6b05912ed
Forest,ORI,Magic Origins,4,regular,272,272,
Forest,M19,Core Set 2019,1,regular,278,278,
Forest,M20,Core Set 2020,1,regular,279,279,
Forest,SNC,Streets of New Capenna,1,regular,281,281,633eb269-916e-4d79-821e-1f304283416c
Forest,TSP,Time Spiral,5,regular,298,298,
Forest,TSP,Time Spiral,6,regular,299,299,
Forest,EVG,Duel Decks: Elves vs. Goblins,1,regular,29,29,
Forest,TSP,Time Spiral,1,regular,300,300,
Forest,TSP,Time Spiral,4,regular,301,301,
Forest,CHK,Champions of Kamigawa,4,regular,303,303,
Forest,MRD,Mirrodin,2,regular,303,303,
Forest,CHK,Champions of Kamigawa,1,regular,304,304,
Forest,MRD,Mirrodin,1,regular,304,304,
Forest,MRD,Mirrodin,2,regular,305,305,
Forest,CHK,Champions of Kamigawa,7,regular,306,306,
Forest,MRD,Mirrodin,1,regular,306,306,
Forest,EVG,Duel Decks: Elves vs. Goblins,1,regular,30,30,
Forest,10E,Tenth Edition,1,regular,383,383,
Forgotten Ancient,NCC,Streets of New Capenna Commander,1,regular,"",291,c23e3732-4589-4ea7-8125-a5434861b9f5
Fortified Village,NCC,Streets of New Capenna Commander,1,regular,"",404,39060644-f5a6-4802-b0fc-b49b1c92d5a0
Foul Orchard,SOI,Shadows over Innistrad,1,regular,"",275,
Foul Renewal,DTK,Dragons of Tarkir,1,regular,"",101,
Foul-Tongue Invocation,DTK,Dragons of Tarkir,1,regular,"",102,
Founding the Third Path,DMU,Dominaria United,1,regular,"",50,2d841faa-9e0b-45ff-9dfd-f8a169d9af76
Frilled Mystic,RNA,Ravnica Allegiance,1,regular,"",174,
Frontline Medic,CLB,Commander Legends: Battle for Baldur's Gate,1,regular,"",693,3e9ad9ce-f862-4663-9a36-caf0844eb416
Fry,M20,Core Set 2020,1,regular,"",140,
Gala Greeters,SNC,Streets of New Capenna,1,regular,extended,431,f723ae1e-be60-4cd6-9485-7f07fa1f8fe7
Galepowder Mage,CLB,Commander Legends: Battle for Baldur's Gate,1,regular,"",694,222b4c5a-2cd0-4851-9f2f-8685a658ebb4
"Garna, Bloodfist of Keld",DMU,Dominaria United,1,regular,"",200,294c5f08-08e7-458f-8838-ff321dc5d9f2
"Garna, the Bloodflame",DMC,Dominaria United Commander,1,regular,"",151,732797d3-59e1-4fff-bcf0-22c2606a7a5f
"Garruk, Unleashed",M21,Core Set 2021,1,regular,"",183,af2fdbec-bca2-4af5-9c2a-28b0b35b18a3
Gate Colossus,RNA,Ravnica Allegiance,1,regular,"",232,
Gate Smasher,DTK,Dragons of Tarkir,1,regular,"",239,
Gateway Plaza,WAR,War of the Spark,1,regular,"",246,81d69cf2-8643-4926-857e-febbd54d870f
Gavel of the Righteous,NCC,Streets of New Capenna Commander,1,regular,"",83,97aa0173-ed1e-4b5a-a7a1-7d93dca8e189
Gavony Township,NCC,Streets of New Capenna Commander,1,regular,"",406,e39a449a-5681-49af-a58d-d15d470d0735
Generous Gift,NCC,Streets of New Capenna Commander,1,regular,"",201,cf80a8e3-1905-413c-a510-54fef2afde69
"Ghalta, Primal Hunger",RIX,Rivals of Ixalan,1,regular,"",130,0104b5b3-9376-4ad7-9a77-3e564e9c42e6
Ghoulish Procession,MID,Innistrad: Midnight Hunt,1,regular,"",102,363bd6a6-e8e4-4626-a43c-0b77339dd28b
Ghoulsteed,SOI,Shadows over Innistrad,1,regular,"",113,
Giant Growth,WAR,War of the Spark,3,regular,"",162,06ec9e8b-4bd8-4caf-a559-6514b7ab4ca4
Gibbering Fiend,SOI,Shadows over Innistrad,1,regular,"",161,
Gift of Strength,RNA,Ravnica Allegiance,2,regular,"",127,
Gifted Aetherborn,AER,Aether Revolt,3,regular,"",61,
Gleam of Authority,DTK,Dragons of Tarkir,1,regular,"",19,
Glorious Protector,CLB,Commander Legends: Battle for Baldur's Gate,1,regular,"",695,3e63385a-e32f-4abc-aff6-bb022b2f56f7
Goblin Cratermaker,GRN,Guilds of Ravnica,1,regular,"",103,
Goblin Rally,RTR,Return to Ravnica,1,regular,"",95,
Goblin Ringleader,M20,Core Set 2020,1,regular,"",143,
Gods Willing,M20,Core Set 2020,1,regular,"",19,
Gods Willing,M20,Core Set 2020,1,foil,"",19,
Gold-Forged Thopteryx,MAT,March of the Machine: The Aftermath,1,regular,"",31,6917d51b-eb61-4e7e-8336-8b4adf8d1e39
"Gonti, Lord of Luxury",CLB,Commander Legends: Battle for Baldur's Gate,1,regular,"",753,4cedbfd3-907f-4042-98c1-6fe3fb8cbc01
Goring Ceratops,XLN,Ixalan,1,regular,"",13,
Graceblade Artisan,DTK,Dragons of Tarkir,2,regular,"",20,
Grateful Apparition,NCC,Streets of New Capenna Commander,1,regular,"",202,2f6d50f3-5f5f-4bf3-b132-e527b70be33f
Gravedigger,M20,Core Set 2020,1,regular,"",103,
Gravity Well,ROE,Rise of the Eldrazi,4,regular,"",185,
Grim Haruspex,CLB,Commander Legends: Battle for Baldur's Gate,1,regular,"",754,f5c19b87-e114-46d4-9f6c-c02e838a08dd
Grim Hireling,CLB,Commander Legends: Battle for Baldur's Gate,1,regular,"",755,38326f48-548c-4b18-9ad2-0b7c23385deb
Groundskeeper,SOI,Shadows over Innistrad,1,regular,"",208,
Growth Cycle,M20,Core Set 2020,3,regular,"",175,
Growth Spiral,RNA,Ravnica Allegiance,1,regular,"",178,
Gruesome Scourger,M20,Core Set 2020,1,regular,"",104,
Gruul Guildgate,RNA,Ravnica Allegiance,1,regular,250,249,
Gruul Spellbreaker,RNA,Ravnica Allegiance,1,regular,"",179,
Gudul Lurker,DTK,Dragons of Tarkir,1,regular,"",56,
Gutterbones,RNA,Ravnica Allegiance,1,regular,"",76,
Harness by Force,JOU,Journey into Nyx,1,regular,"",100,
Harness the Storm,SOI,Shadows over Innistrad,1,regular,"",163,
Harper Recruiter,CLB,Commander Legends: Battle for Baldur's Gate,1,regular,"",659,6bb131fd-d96f-43e0-a40d-fa6394a4b75c
Harrow,C20,Commander 2020,1,regular,"",174,
Harsh Sustenance,FRF,Fate Reforged,1,regular,"",154,
Haunted Cloak,SOI,Shadows over Innistrad,1,regular,"",257,
Heartfire Immolator,M21,Core Set 2021,1,regular,"",150,869fb9f1-0d59-4874-aa52-ac665c3cc0e8
Heir of Falkenrath,SOI,Shadows over Innistrad,1,regular,"",116,
Helm of the Host,DOM,Dominaria,1,regular,"",217,
Herald of the Sun,M20,Core Set 2020,1,regular,"",23,
Herdchaser Dragon,DTK,Dragons of Tarkir,1,regular,"",190,
Hexgold Halberd,ONE,Phyrexia: All Will Be One,1,regular,"",136,f22108ec-28f0-44d3-ba6b-3075f5f6bc65
Hexgold Hoverwings,ONE,Phyrexia: All Will Be One,1,regular,"",14,c498dbf9-c68c-400c-9349-c3c3fc8efcae
Hickory Woodlot,MM,Mercadian Masques,1,regular,"",319,
Hidden Dragonslayer,DTK,Dragons of Tarkir,1,regular,"",23,
High Ground,10E,Tenth Edition,1,regular,"",20,
High Priest of Penance,CLB,Commander Legends: Battle for Baldur's Gate,1,regular,"",848,fc264fad-c541-4cc6-8b56-44abf3f1e8a0
Hobblefiend,M21,Core Set 2021,1,regular,"",152,4bfffc18-b36a-4dd5-909e-60ea9f8eb60b
Hoofprints of the Stag,NCC,Streets of New Capenna Commander,1,regular,"",203,47f70c41-25b2-468c-b679-8bbc7eaf913b
Hordeling Outburst,KTK,Khans of Tarkir,1,regular,"",111,
Hovermyr,NPH,New Phyrexia,4,regular,"",138,
Howlpack Resurgence,SOI,Shadows over Innistrad,2,regular,"",211,
Howlpack Wolf,SOI,Shadows over Innistrad,1,regular,"",164,
"Huatli, the Sun's Heart",WAR,War of the Spark,1,regular,"",230,d709742c-82a2-457e-9991-85e98d78029d
Humble the Brute,SOI,Shadows over Innistrad,1,regular,"",23,
Hurkyl's Final Meditation,BRO,The Brothers' War,1,regular,"",52,5577f345-9577-42f8-b244-089b9a7c2e56
Ichorclaw Myr,SOM,Scars of Mirrodin,4,regular,"",166,
Icon of Ancestry,M20,Core Set 2020,1,regular,"",229,
Immerwolf,DKA,Dark Ascension,4,regular,"",141,
Impact Tremors,DTK,Dragons of Tarkir,1,regular,"",140,
Imperial Aerosaur,XLN,Ixalan,4,regular,"",14,
Imperious Oligarch,RNA,Ravnica Allegiance,1,regular,"",184,
In Bolas's Clutches,DOM,Dominaria,1,regular,"",54,
In Thrall to the Pit,DMU,Dominaria United,1,regular,"",132,0f33284f-bdb1-4982-8636-8f2e12896053
Incubation // Incongruity,RNA,Ravnica Allegiance,1,regular,"",226,
Incubation Druid,NCC,Streets of New Capenna Commander,1,regular,"",296,c0e7322c-97b2-49c6-8ed0-8af96362f580
Inscribed Tablet,DMU,Dominaria United,1,regular,"",232,699d8655-d250-4ab6-92c5-376979bbabc7
Inspiring Call,DTK,Dragons of Tarkir,2,regular,"",191,
Integrity // Intervention,GRN,Guilds of Ravnica,1,regular,"",227,
Invade the City,WAR,War of the Spark,2,regular,"",201,a587eb67-c2df-486c-9c48-dfeac540efe8
Irregular Cohort,CLB,Commander Legends: Battle for Baldur's Gate,1,regular,"",696,61775227-34ad-469a-a4d4-ee8ce69dd10f
Island,ROE,Rise of the Eldrazi,1,regular,235,235,
Island,DTK,Dragons of Tarkir,2,regular,253,253,
Island,DTK,Dragons of Tarkir,2,regular,254,254,
Island,DTK,Dragons of Tarkir,2,regular,255,255,
Island,SNC,Streets of New Capenna,2,regular,264,264,2ef2c956-cf03-462c-8981-ae80edfc0c5a
Island,M20,Core Set 2020,1,regular,265,265,
Island,SNC,Streets of New Capenna,1,regular,265,265,8dd1b4d2-ccf0-498d-81e0-c9d755f5eb13
Island,DMU,Dominaria United,1,regular,267,267,64e7580a-92bd-4b50-84fc-ee42e47c9014
Island,M20,Core Set 2020,1,regular,268,268,
Island,SNC,Streets of New Capenna,1,regular,275,275,5aaba7cd-c1dc-49cf-8d63-8bb3594a6541
Island,TSP,Time Spiral,12,regular,286,286,
Island,TSP,Time Spiral,1,foil,286,286,
Island,TSP,Time Spiral,9,regular,287,287,
Island,TSP,Time Spiral,2,regular,288,288,
Island,TSP,Time Spiral,1,foil,288,288,
Island,TSP,Time Spiral,2,regular,289,289,
Island,CHK,Champions of Kamigawa,1,foil,291,291,
Island,MRD,Mirrodin,1,foil,292,292,
Island,CHK,Champions of Kamigawa,1,regular,294,294,
Island,RAV,Ravnica: City of Guilds,1,regular,294,294,
Island,DD2,Duel Decks: Jace vs. Chandra,1,regular,30,30,
Island,DD2,Duel Decks: Jace vs. Chandra,1,regular,31,31,
Island,ONS,Onslaught,1,regular,335,335,
Island,DD2,Duel Decks: Jace vs. Chandra,2,regular,33,33,
Island,4ED,Fourth Edition,1,regular,A,,
Jazal Goldmane,CLB,Commander Legends: Battle for Baldur's Gate,1,regular,"",697,9d17b05a-7753-451b-a7b4-ee1fe3b51110
"Jenara, Asura of War",NCC,Streets of New Capenna Commander,1,regular,"",343,4bcf5b5f-b908-4975-91f7-c4c6f819e0a6
Jhoira's Familiar,DOM,Dominaria,1,regular,"",220,
Jungle Hollow,M20,Core Set 2020,1,regular,"",248,
"Juri, Master of the Revue",MUL,Multiverse Legends,1,regular,"",46,c94cd726-8d67-4510-ad56-3ead1931214b
"Kaalia, Zenith Seeker",M20,Core Set 2020,1,regular,"",210,
"Kardur, Doomscourge",KHM,Kaldheim,1,regular,"",216,9685e2a0-5573-41bc-a914-f40c3011459b
Karn's Bastion,NCC,Streets of New Capenna Commander,1,regular,"",410,a72a437d-2b69-4dad-a537-aab24168dd3c
"Karn, the Great Creator",WAR,War of the Spark,1,regular,"",1,3ec0c0fb-1a4f-45f4-85b7-346a6d3ce2c5
"Kasmina, Enigmatic Mentor",WAR,War of the Spark,1,regular,"",56,c77d9454-a78c-4063-ad66-46b2f5a030aa
Kaya's Wrath,RNA,Ravnica Allegiance,1,regular,"",187,
Khalni Heart Expedition,ZEN,Zendikar,1,regular,"",167,
Kinjalli's Caller,XLN,Ixalan,4,regular,"",18,
Kinjalli's Sunwing,XLN,Ixalan,2,regular,"",19,
Knight of Dusk's Shadow,DMU,Dominaria United,1,regular,"",96,33dfd2fe-e0e0-465c-b730-a30e6f5c271c
Knight of Grace,DOM,Dominaria,1,regular,"",23,
Knight of the Ebon Legion,M20,Core Set 2020,1,regular,"",105,
Knight of the Stampede,RIX,Rivals of Ixalan,4,regular,"",138,e81565a4-cbbe-4820-8473-15ceda42d553
Kolaghan Monument,DTK,Dragons of Tarkir,1,regular,"",241,
"Kros, Defense Contractor",NCC,Streets of New Capenna Commander,1,foil,"",7,12e71d52-5c75-4798-9fe7-8a34a2bf0c9a
"Lagomos, Hand of Hatred",DMU,Dominaria United,1,regular,"",205,1a6bb0c2-1e3c-48cd-8f10-49f047e0514c
Lawmage's Binding,RNA,Ravnica Allegiance,2,regular,"",190,
Legion's End,M20,Core Set 2020,1,regular,"",106,
Leonin Bola,DST,Darksteel,2,regular,"",127,
Leyline of Sanctity,M11,Magic 2011,1,regular,"",21,
Leyline of Sanctity,M20,Core Set 2020,1,regular,"",26,
Lightning Axe,SOI,Shadows over Innistrad,1,regular,"",170,
Lightning Berserker,DTK,Dragons of Tarkir,1,regular,"",146,
Lightning Stormkin,M20,Core Set 2020,1,regular,"",213,
Lightning Stormkin,M20,Core Set 2020,1,foil,"",213,
Liliana's Standard Bearer,MOC,March of the Machine Commander,1,regular,"",255,e60aaa4e-267c-4909-8abe-414a04d2c127
Liliana's Triumph,WAR,War of the Spark,1,regular,"",98,84803db8-fdb0-462b-92f6-33d591593d2d
Littjara Mirrorlake,NCC,Streets of New Capenna Commander,1,regular,"",412,cf1f38de-44b3-42fa-9288-d7c1832ff75f
Llanowar Reborn,NCC,Streets of New Capenna Commander,1,regular,"",413,1adb1d4a-b8e4-465f-ab1e-691a7c5e89d3
Loaming Shaman,M20,Core Set 2020,1,regular,"",180,
Lodestone Myr,MRD,Mirrodin,1,regular,"",200,
Loyal Guardian,NEC,Kamigawa: Neon Dynasty Commander,1,regular,"",121,4b9a5878-985d-47ba-a3dd-fe897777b873
Luminarch Aspirant,NCC,Streets of New Capenna Commander,1,regular,"",205,dcd27fa3-f6b6-4137-9b6c-4cba7187664c
Luminescent Rain,MOR,Morningtide,4,regular,"",129,
Lurking Arynx,DTK,Dragons of Tarkir,1,regular,"",192,
Mage's Attendant,CLB,Commander Legends: Battle for Baldur's Gate,1,regular,"",698,e7039d47-276b-4c7c-acc3-94a9baae97e5
Magus of the Balance,CLB,Commander Legends: Battle for Baldur's Gate,1,regular,"",699,e63074e4-2c4c-411c-b320-c90d3a4a96d0
Malakir Blood-Priest,CLB,Commander Legends: Battle for Baldur's Gate,1,regular,"",760,bbbd64da-6071-49f4-87aa-066209ec1ae9
Malevolent Whispers,SOI,Shadows over Innistrad,2,regular,"",173,
Mantle of the Wolf,THB,Theros: Beyond Death,2,regular,"",178,83a786fa-4b86-40f7-ac58-1a05fb38fcdb
Maraleaf Pixie,ELD,Throne of Eldraine,1,foil,"",196,e6d7f9c9-dd83-4684-a949-1c22f316138a
Mardu Strike Leader,CLB,Commander Legends: Battle for Baldur's Gate,1,regular,"",761,626ed059-9bd1-4a18-ac85-7b00b8057426
Mask of Immolation,M20,Core Set 2020,1,regular,"",151,
Masked Bandits,SNC,Streets of New Capenna,1,regular,showcase,319,f3b68f6f-d70b-4ed6-93f4-47964ee36a52
Maskwood Nexus,CLB,Commander Legends: Battle for Baldur's Gate,1,regular,"",865,1246c42d-57c0-4cba-959a-15ad89d8a50b
Master of Etherium,ALA,Shards of Alara,4,regular,"",49,
Master Splicer,M20,Core Set 2020,2,regular,"",29,
Masterful Replication,M20,Core Set 2020,1,regular,"",65,
Mazemind Tome,BRR,The Brothers' War: Retro Frame Artifacts,1,regular,retro,30,33dc5dff-390d-499d-aa28-fb75b92ba1c5
Memorial to Unity,DOM,Dominaria,1,regular,"",245,
Merciless Resolve,SOI,Shadows over Innistrad,1,regular,"",123,
Midnight Clock,NCC,Streets of New Capenna Commander,1,regular,"",226,c3b04d8a-f651-4538-bc40-6f2c8e13fb99
Might of the Masses,GRN,Guilds of Ravnica,1,regular,"",137,
"Mikaeus, the Lunarch",CLB,Commander Legends: Battle for Baldur's Gate,1,regular,"",700,6f18de2a-4aab-47a1-b162-6b8cf18e7bbf
Mindblade Render,CLB,Commander Legends: Battle for Baldur's Gate,1,regular,"",762,459c5f18-13a3-42c9-b9d7-bf789eefe249
Minion's Return,THB,Theros: Beyond Death,1,regular,"",104,ce763778-0a35-41d2-9286-fdf2302554f5
Minister of Pain,DTK,Dragons of Tarkir,1,regular,"",111,
Ministrant of Obligation,RNA,Ravnica Allegiance,1,regular,"",16,
Mirror Entity,CLB,Commander Legends: Battle for Baldur's Gate,1,regular,"",701,3d9149ed-0e59-48b3-b48c-d5ea77b7239e
Mirror-Sigil Sergeant,CON,Conflux,1,regular,"",12,
"Mogis, God of Slaughter",BNG,Born of the Gods,1,regular,"",151,
"Mondrak, Glory Dominus",ONE,Phyrexia: All Will Be One,1,regular,"",23,8296a455-21d5-498e-9029-2bdf0da855a8
Moonlight Hunt,SOI,Shadows over Innistrad,4,regular,"",219,
Morbid Opportunist,MID,Innistrad: Midnight Hunt,1,regular,"",113,5a53982e-3d66-4808-bcb5-46ff40567872
Mortify,RNA,Ravnica Allegiance,1,foil,"",192,
Mortuary Mire,CLB,Commander Legends: Battle for Baldur's Gate,1,regular,"",900,058f30e5-64a9-4d6b-b7a6-0fd95d460cae
Mother of Runes,CLB,Commander Legends: Battle for Baldur's Gate,1,regular,"",702,a5e19147-e459-43a6-8ef0-e37968a462e3
Mountain,M10,Magic 2010,1,regular,242,242,
Mountain,M10,Magic 2010,1,regular,243,243,
Mountain,M10,Magic 2010,1,regular,244,244,
Mountain,M10,Magic 2010,1,regular,245,245,
Mountain,DOM,Dominaria,1,regular,262,262,
Mountain,ORI,Magic Origins,5,regular,265,265,
Mountain,ORI,Magic Origins,4,regular,266,266,
Mountain,ORI,Magic Origins,2,regular,267,267,
Mountain,ORI,Magic Origins,4,regular,268,268,
Mountain,SNC,Streets of New Capenna,1,regular,269,269,4abb2702-6f5e-4832-9e23-46aaf9f960f8
Mountain,DMU,Dominaria United,15,regular,271,271,a82f782e-abc8-4b92-a193-17b2c383f765
Mountain,DMU,Dominaria United,1,regular,272,272,72776f25-48f5-4d7f-84a9-310928b9d7ad
Mountain,DMU,Dominaria United,1,foil,272,272,72776f25-48f5-4d7f-84a9-310928b9d7ad
Mountain,DMU,Dominaria United,2,regular,273,273,40d07155-d45d-4fec-a15e-525df5010af3
Mountain,DMU,Dominaria United,1,foil,273,273,40d07155-d45d-4fec-a15e-525df5010af3
Mountain,M20,Core Set 2020,1,regular,273,273,
Mountain,M20,Core Set 2020,1,regular,274,274,
Mountain,M20,Core Set 2020,1,foil,274,274,
Mountain,M20,Core Set 2020,1,regular,276,276,
Mountain,DMU,Dominaria United,1,regular,280,280,0aaf15b9-1bf5-424a-a994-67beaae29d36
Mountain,TSP,Time Spiral,8,regular,294,294,
Mountain,TSP,Time Spiral,16,regular,295,295,
Mountain,TSP,Time Spiral,6,regular,296,296,
Mountain,LRW,Lorwyn,1,foil,297,297,
Mountain,TSP,Time Spiral,8,regular,297,297,
Mountain,MRD,Mirrodin,1,regular,299,299,
Mountain,CHK,Champions of Kamigawa,1,regular,300,300,
Mountain,GRN,Guilds of Ravnica,4,regular,"",263,
"Mr. Orfeo, the Boulder",SNC,Streets of New Capenna,1,regular,"",204,97caaa92-2a7d-4f79-8d42-86733c902072
Multiclass Baldric,CLB,Commander Legends: Battle for Baldur's Gate,1,regular,"",684,dbb7927d-c3c4-4464-8ada-bcd8466b2012
Murder,M20,Core Set 2020,1,regular,"",109,
Mutavault,CLB,Commander Legends: Battle for Baldur's Gate,1,regular,"",903,52cc2f10-142d-4e6a-984e-b25f566cc960
Myr Battlesphere,C13,Commander 2013 Edition,2,regular,"",247,
Myr Enforcer,MRD,Mirrodin,4,regular,"",211,
Myr Galvanizer,SOM,Scars of Mirrodin,4,regular,"",181,
Myr Matrix,DST,Darksteel,3,regular,"",132,
Myr Reservoir,SOM,Scars of Mirrodin,4,regular,"",183,
Myr Turbine,MBS,Mirrodin Besieged,2,regular,"",117,
Myriad Landscape,CLB,Commander Legends: Battle for Baldur's Gate,1,regular,"",904,276f49f9-019b-44cb-a551-0fba9851ecc7
Myriad Landscape,NCC,Streets of New Capenna Commander,1,regular,"",416,1577b698-f2e7-448d-b8a8-3d2329dd3f46
Mystic Remora,DMR,Dominaria Remastered,1,regular,"",59,40140991-cffa-4b52-9a25-37e9a8aa9ddd
Myth Realized,2X2,Double Masters 2022,1,regular,"",22,15afcabf-58a8-4650-a6cf-b7f2f01d0671
Myth Realized,DTK,Dragons of Tarkir,1,regular,"",26,
"Naban, Dean of Iteration",DOM,Dominaria,1,regular,"",58,
Nalia de'Arnise,CLB,Commander Legends: Battle for Baldur's Gate,1,foil,"",649,7a1294fd-9885-4dfd-8192-0ca074fc83f7
Natural End,M20,Core Set 2020,3,regular,"",183,
Naturalize,DTK,Dragons of Tarkir,3,regular,"",193,
Nature's Spiral,DOM,Dominaria,1,regular,"",175,
Necrogen Rotpriest,ONE,Phyrexia: All Will Be One,1,regular,showcase,296,a4b4fe48-f9e6-4606-9901-76dd85fd7038
Needletooth Raptor,RIX,Rivals of Ixalan,4,regular,"",107,e9a90b68-d5f4-4f3c-bd4b-af59dd868919
Nesting Grounds,NCC,Streets of New Capenna Commander,1,regular,"",418,eff98f9d-ec73-4e77-b639-17da8f833852
Neurok Stealthsuit,5DN,Fifth Dawn,4,regular,"",140,
Nighthawk Scavenger,CLB,Commander Legends: Battle for Baldur's Gate,1,regular,"",763,63cf5e98-9d40-4cb0-83de-043751b1382f
Nightpack Ambusher,M20,Core Set 2020,4,regular,"",185,
No One Left Behind,BRO,The Brothers' War,1,regular,"",109,4a7e030c-98d1-452c-8020-cd92a3ef02c3
Noxious Grasp,M20,Core Set 2020,1,regular,"",110,
Oblivion Stone,NCC,Streets of New Capenna Commander,1,regular,"",373,f0cd5548-ce7b-493a-8119-62f000839e4d
Obsessive Skinner,SOI,Shadows over Innistrad,2,regular,"",220,
Ogre Siegebreaker,M20,Core Set 2020,1,regular,"",215,
Ojutai's Command,DTK,Dragons of Tarkir,1,regular,"",227,
Ominous Seas,IKO,Ikoria: Lair of Behemoths,1,regular,"",61,ce8965f2-756a-4461-a643-db024a11c2de
Oracle's Vault,NCC,Streets of New Capenna Commander,1,regular,"",374,0314bea5-4e04-4e74-9832-3e935eb90ee1
Orator of Ojutai,DTK,Dragons of Tarkir,1,regular,"",28,
Order of Whiteclay,CLB,Commander Legends: Battle for Baldur's Gate,1,regular,"",703,0caaa62f-4959-4321-a2d5-dc255f1e5eaf
Ornithopter of Paradise,MH2,Modern Horizons 2,1,regular,"",232,025b0f0f-daf6-4071-82e7-39c015447ce4
Orzhov Basilica,CLB,Commander Legends: Battle for Baldur's Gate,1,regular,"",906,61ed0bb4-91b8-4144-b3d6-f92d6821d979
Orzhov Enforcer,RNA,Ravnica Allegiance,1,regular,"",79,
Orzhov Guildgate,RNA,Ravnica Allegiance,2,regular,253,252,
Orzhov Signet,CLB,Commander Legends: Battle for Baldur's Gate,1,regular,"",867,ddb325f3-3c39-410b-b7a6-1615a7c4fe54
Overwhelming Stampede,M11,Magic 2011,1,foil,"",189,
Pacifism,DTK,Dragons of Tarkir,3,regular,"",29,
Pacifism,M20,Core Set 2020,2,regular,"",32,
Packsong Pup,VOW,Innistrad: Crimson Vow,4,regular,"",213,d43d9686-a5e4-413b-8a34-3430788dd1b9
Palladium Myr,SOM,Scars of Mirrodin,3,regular,"",190,
Park Heights Maverick,NCC,Streets of New Capenna Commander,1,regular,"",63,f2ecac25-c187-40c6-af50-e7ce0ff9e921
Path of Ancestry,CLB,Commander Legends: Battle for Baldur's Gate,1,regular,"",907,43710f35-c43f-48bf-82e1-64ba5c3fa03e
Path of Ancestry,NCC,Streets of New Capenna Commander,1,regular,"",419,cdeb7d54-053f-45ee-8062-c3c1f40d27ce
Pattern Matcher,M20,Core Set 2020,1,regular,"",234,
"Perrie, the Pulverizer",NCC,Streets of New Capenna Commander,1,foil,"",5,d438237b-c6f7-44d0-a3e6-6ec7d7465d33
Pestilent Wolf,MID,Innistrad: Midnight Hunt,4,regular,"",192,e2686431-8d9c-4b9c-998f-38b5ae113d4a
Phyrexian Rager,EMA,Eternal Masters,1,regular,"",102,
Phyrexian Vivisector,DMU,Dominaria United,1,regular,"",100,65617a8f-4bd8-4edb-b5ec-e20b4482390b
Pilfer,DMU,Dominaria United,1,regular,"",102,6d872c10-4126-4130-a74a-1331ed418ca8
Pitiless Pontiff,RNA,Ravnica Allegiance,2,regular,"",194,
Plains,M11,Magic 2011,1,regular,230,230,
Plains,M11,Magic 2011,1,regular,233,233,
Plains,DOM,Dominaria,1,regular,250,250,
Plains,DTK,Dragons of Tarkir,2,regular,250,250,
Plains,DTK,Dragons of Tarkir,3,regular,251,251,
Plains,DTK,Dragons of Tarkir,2,regular,252,252,
Plains,WAR,War of the Spark,1,regular,252,252,0d7ae52e-9ea7-4e9d-a9c9-c819cc768cd6
Plains,DOM,Dominaria,1,regular,253,253,
Plains,M19,Core Set 2019,1,regular,261,261,
Plains,M20,Core Set 2020,1,regular,261,261,
Plains,ONE,Phyrexia: All Will Be One,1,regular,262,262,50958c6e-9555-42ad-9bb3-2da9faa5cb52
Plains,SNC,Streets of New Capenna,2,regular,262,262,8bbb3646-c427-4302-86ac-9ac28d045959
Plains,M20,Core Set 2020,1,regular,263,263,
Plains,SNC,Streets of New Capenna,2,regular,263,263,aa6f0743-c433-4348-bcef-20cfe7b28293
Plains,M20,Core Set 2020,1,regular,264,264,
Plains,SNC,Streets of New Capenna,1,regular,273,273,aa69cedc-49ce-48f3-88e1-94b9bc061bf4
Plains,DMU,Dominaria United,1,regular,277,277,572eab93-7b1d-434b-ba92-844248e472d0
Plains,TSP,Time Spiral,6,regular,282,282,
Plains,LRW,Lorwyn,1,regular,283,283,
Plains,TSP,Time Spiral,10,regular,283,283,
Plains,TSP,Time Spiral,3,regular,284,284,
Plains,TSP,Time Spiral,1,regular,285,285,
Plains,MRD,Mirrodin,1,regular,288,288,
Plains,CHK,Champions of Kamigawa,1,regular,289,289,
Plains,OD,Odyssey,2,regular,332,332,
Plains,ONS,Onslaught,1,regular,334,334,
Plains,CLB,Commander Legends: Battle for Baldur's Gate,2,regular,451,451,14f5f561-39fd-4cdf-b22e-40cfd6a19d12
Plains,CLB,Commander Legends: Battle for Baldur's Gate,3,regular,452,452,4be390eb-3470-4f36-9bf4-3f9f8e5d5b31
Plains,CLB,Commander Legends: Battle for Baldur's Gate,3,regular,453,453,524ff04c-932e-4441-a2a7-1416cd43d232
Plains,CLB,Commander Legends: Battle for Baldur's Gate,2,regular,454,454,0f55597c-f265-4c4b-a5f1-cc58da609534
Plains,GRN,Guilds of Ravnica,10,regular,"",260,
Planar Outburst,NCC,Streets of New Capenna Commander,1,regular,"",209,3d45dfee-810e-4359-96ad-8d423ab86178
Pontiff of Blight,CLB,Commander Legends: Battle for Baldur's Gate,1,regular,"",768,fa04c8f5-e174-4055-a98c-efec2f064d69
Port Town,NCC,Streets of New Capenna Commander,1,regular,"",420,0392196d-cd02-47e4-be7f-588ebee859fe
Power Conduit,NCC,Streets of New Capenna Commander,1,regular,"",376,b4634637-ba33-4849-b647-d33018a02f39
Prairie Stream,NCC,Streets of New Capenna Commander,1,regular,"",421,40e52996-863b-46ee-893a-6ecb29f23106
Precognition Field,DOM,Dominaria,1,regular,"",61,
Press the Advantage,DTK,Dragons of Tarkir,1,regular,"",196,
Priest of Ancient Lore,CLB,Commander Legends: Battle for Baldur's Gate,1,regular,"",704,8b6f7b89-1648-4c2b-8d68-88ad43267c6f
Primal Empathy,NCC,Streets of New Capenna Commander,1,regular,"",348,b8099a93-c59d-40a9-96e2-f3dd2a6dd8b8
Pristine Skywise,DTK,Dragons of Tarkir,1,regular,"",228,
Pulse of Murasa,M20,Core Set 2020,1,foil,"",189,
Puppeteer Clique,CLB,Commander Legends: Battle for Baldur's Gate,1,regular,"",769,65fd8dba-0aca-4b47-9b4b-19d5c77cf8f3
Quest for Renewal,WWK,Worldwake,1,regular,"",110,
"Queza, Augur of Agonies",SNC,Streets of New Capenna,1,regular,"",212,7edb7a26-82be-4efd-9a5c-a3816e1ee2d6
Quilled Wolf,SOI,Shadows over Innistrad,1,regular,"",222,
Ragefire Hellkite,DMU,Dominaria United,1,regular,"",285,23ccd68d-0162-4a4c-892e-1726b8b28612
Raging Regisaur,RIX,Rivals of Ixalan,4,regular,"",168,ad6c43a7-e9c5-4b1c-9a6d-0d8798303045
Raging Swordtooth,XLN,Ixalan,4,regular,"",226,
Raiders' Karve,NEC,Kamigawa: Neon Dynasty Commander,1,regular,"",156,a24dfde7-0b29-4adb-914a-90eb2dd09ece
Raised by Wolves,BNG,Born of the Gods,4,regular,"",135,
Rakdos Guildgate,RNA,Ravnica Allegiance,3,regular,256,255,
Rakdos Signet,DIS,Dissension,1,regular,"",165,
"Rakdos, the Showstopper",RNA,Ravnica Allegiance,1,regular,"",199,
Rally of Wings,WAR,War of the Spark,1,regular,"",27,f043642d-35fe-4ea9-a1d3-78ddfdddeaf4
Ranging Raptors,XLN,Ixalan,3,regular,"",201,
Rapacious Dragon,M20,Core Set 2020,1,regular,"",153,
Rapacious One,ROE,Rise of the Eldrazi,1,regular,"",162,
Raptor Hatchling,XLN,Ixalan,4,regular,"",155,
Ravenloft Adventurer,CLB,Commander Legends: Battle for Baldur's Gate,1,regular,extended,577,057dedd1-6632-4d87-a5bb-8c66c7492857
Ravenous Daggertooth,XLN,Ixalan,4,regular,"",202,
Reaper of Flight Moonsilver,SOI,Shadows over Innistrad,1,regular,"",36,
Reassembling Skeleton,AFC,Adventures in the Forgotten Realms Commander,1,regular,"",109,dd82846e-f119-4b27-a795-7b1ceebab4b0
Regenesis,RNA,Ravnica Allegiance,1,regular,"",136,
Regisaur Alpha,XLN,Ixalan,1,regular,"",227,
Remote Farm,MM,Mercadian Masques,1,regular,"",323,
Rending Volley,DTK,Dragons of Tarkir,1,regular,"",150,
Renowned Weaponsmith,M20,Core Set 2020,1,regular,"",72,
Repeated Reverberation,M20,Core Set 2020,2,regular,"",156,
Repeated Reverberation,M20,Core Set 2020,1,foil,"",156,
Resolute Watchdog,RNA,Ravnica Allegiance,1,regular,"",19,
Resourceful Defense,NCC,Streets of New Capenna Commander,1,regular,"",19,91f4dfc0-7478-4e47-89b4-685b72197ef0
Response // Resurgence,GRN,Guilds of Ravnica,1,regular,"",229,
Return to Nature,WAR,War of the Spark,1,regular,"",175,085e3129-591b-46ec-ac8b-cff428927c01
Revenge of the Hunted,AVR,Avacyn Restored,1,regular,"",191,
Rhox Pikemaster,M10,Magic 2010,1,regular,"",26,
Rhox War Monk,ALA,Shards of Alara,1,regular,"",188,
Rhox,10E,Tenth Edition,1,regular,"",291,
Rile,XLN,Ixalan,4,regular,"",158,
Ripjaw Raptor,XLN,Ixalan,2,regular,"",203,
Risen Reef,M20,Core Set 2020,1,regular,"",217,
Rishkar's Expertise,NCC,Streets of New Capenna Commander,1,regular,"",306,74201f17-37f5-4e1c-93e6-2762c472b3b3
"Rishkar, Peema Renegade",NCC,Streets of New Capenna Commander,1,regular,"",305,5fcd6cd6-ec95-406c-92f7-c063254fb19a
Riveteers Charm,SNC,Streets of New Capenna,1,regular,showcase,331,3ca0eb05-95d2-4eba-a3de-0e08739459a3
"Roalesk, Apex Hybrid",NCC,Streets of New Capenna Commander,1,regular,"",349,a52a5f4b-d2e1-405e-82b4-ea35ab851c42
"Rona, Disciple of Gix",DOM,Dominaria,1,regular,"",203,
Roon of the Hidden Realm,2X2,Double Masters 2022,1,regular,"",270,54e2d6c2-a233-4e37-94c9-673a4a957e0c
Rot Wolf,MBS,Mirrodin Besieged,4,regular,"",90,
Rubblebelt Rioters,WAR,War of the Spark,1,regular,"",215,9bf8df62-eca1-4a45-84af-fd7c88245a42
Rugged Highlands,FRF,Fate Reforged,2,regular,"",170,
Rugged Highlands,MOM,March of the Machine,1,regular,"",271,3aeef1b1-a351-47ce-a686-a0eb0a35a894
Rumor Gatherer,CLB,Commander Legends: Battle for Baldur's Gate,1,regular,"",705,a7782044-616e-4d4f-b38f-93320ba19797
Salt Road Ambushers,DTK,Dragons of Tarkir,1,regular,"",198,
Salt Road Quartermasters,DTK,Dragons of Tarkir,1,regular,"",199,
Salvager of Ruin,M20,Core Set 2020,2,regular,"",237,
Sanctum Spirit,DOM,Dominaria,1,regular,"",30,
Saprazzan Skerry,MM,Mercadian Masques,1,regular,"",328,
Sarkhan the Masterless,WAR,War of the Spark,1,regular,"",143,2bb96971-5bf1-4ae3-98f4-7cd7a614bf97
Savage Stomp,XLN,Ixalan,4,regular,"",205,
Savage Ventmaw,DTK,Dragons of Tarkir,1,regular,"",231,
Scale Blessing,DTK,Dragons of Tarkir,1,regular,"",35,
Scaleguard Sentinels,DTK,Dragons of Tarkir,2,regular,"",201,
Scampering Scorcher,M20,Core Set 2020,1,regular,"",158,
Scavenging Ooze,NCC,Streets of New Capenna Commander,1,regular,"",309,67d93e17-13fd-4cf5-a53c-a7b6c57a8351
Scheming Aspirant,ONE,Phyrexia: All Will Be One,1,regular,"",107,8de80f71-82b5-499c-afc0-6bbae6b896ad
Scion of Ugin,DTK,Dragons of Tarkir,2,regular,"",1,
Scoured Barrens,FRF,Fate Reforged,2,regular,"",171,
Scoured Barrens,M20,Core Set 2020,2,regular,"",251,
Scourge Wolf,SOI,Shadows over Innistrad,4,regular,"",179,
Screaming Shield,RNA,Ravnica Allegiance,1,regular,"",239,
Scuttlemutt,M20,Core Set 2020,1,regular,"",238,
Search for Tomorrow,TSP,Time Spiral,1,regular,"",216,
Seaside Citadel,NCC,Streets of New Capenna Commander,1,regular,"",425,816ce96f-9180-4f95-a7cd-334f4a159fa7
Season of Growth,M20,Core Set 2020,1,regular,"",191,
Seasoned Dungeoneer,CLB,Commander Legends: Battle for Baldur's Gate,1,regular,"",660,7fee3f76-20a8-4621-84fb-ddf79c955532
Seat of the Synod,MRD,Mirrodin,4,regular,"",283,
Seismic Rupture,DTK,Dragons of Tarkir,2,regular,"",156,
Selesnya Guildgate,GRN,Guilds of Ravnica,2,regular,256,256,
Self-Inflicted Wound,DTK,Dragons of Tarkir,2,regular,"",117,
Selfless Spirit,CLB,Commander Legends: Battle for Baldur's Gate,1,regular,"",706,ef8d8d0c-cb0e-4745-a0fb-d556c9324428
Senate Guildmage,RNA,Ravnica Allegiance,1,regular,"",204,
Sengir Autocrat,EMA,Eternal Masters,1,regular,"",105,
Sengir Connoisseur,DMU,Dominaria United,1,regular,"",104,7c9231f0-7733-46d9-b9c6-c6c5b7fe65dd
Sengir Vampire,W17,Welcome Deck 2017,3,regular,"",19,
Serra's Liturgy,UZ,Urza's Saga,1,regular,"",49,
Serum Snare,ONE,Phyrexia: All Will Be One,1,regular,"",68,d326bff1-5370-4817-8370-6da87a061058
Sevinne's Reclamation,CLB,Commander Legends: Battle for Baldur's Gate,1,regular,"",707,458db878-07ba-42cc-9bee-910957685596
Shambling Vent,CLB,Commander Legends: Battle for Baldur's Gate,1,regular,"",914,1f5bf05a-04a1-4dde-845b-eced21a785fa
"Shanna, Sisay's Legacy",DOM,Dominaria,1,regular,"",204,
Shield Broker,NCC,Streets of New Capenna Commander,1,regular,"",29,a319afae-019c-408d-a57b-b7bf0b1598bd
Shieldhide Dragon,DTK,Dragons of Tarkir,2,regular,"",37,
Shifting Ceratops,M20,Core Set 2020,2,regular,"",194,
Siegehorn Ceratops,RIX,Rivals of Ixalan,4,regular,"",171,0a9c4c63-402e-489e-ab0d-1c98309b010a
"Sigarda, Font of Blessings",MAT,March of the Machine: The Aftermath,1,regular,"",47,cba71725-d6df-44d7-a93b-934573759711
Sight of the Scalelords,DTK,Dragons of Tarkir,1,regular,"",207,
Silkwrap,DTK,Dragons of Tarkir,1,regular,"",38,
Silumgar Spell-Eater,DTK,Dragons of Tarkir,1,regular,"",77,
Silumgar's Scorn,DTK,Dragons of Tarkir,1,regular,"",78,
Silverclad Ferocidons,RIX,Rivals of Ixalan,1,regular,"",115,5f0d0c8d-c057-4a44-bd1e-38e1dd175778
Silverfur Partisan,SOI,Shadows over Innistrad,4,regular,"",228,
Single Combat,WAR,War of the Spark,1,regular,"",30,ce0e7c6a-e628-4327-a16f-2062c5a662df
Skatewing Spy,RNA,Ravnica Allegiance,2,regular,"",52,
Skeleton Shard,MRD,Mirrodin,2,regular,"",242,
Skullclamp,CLB,Commander Legends: Battle for Baldur's Gate,1,regular,"",870,d1877be5-fb98-4bd2-a754-dda1132ef8a0
Skullclamp,DST,Darksteel,1,regular,"",140,
Sky Terror,XLN,Ixalan,4,regular,"",229,
Sky Tether,RNA,Ravnica Allegiance,1,regular,"",21,
Skyboon Evangelist,NCC,Streets of New Capenna Commander,1,regular,"",20,a776f162-5ac4-444a-8254-ff6915932358
Skycloud Expanse,NCC,Streets of New Capenna Commander,1,regular,"",427,b7709220-02e3-4669-bdda-fd3e04981e1e
Skyship Plunderer,NCC,Streets of New Capenna Commander,1,regular,"",232,113ebd1b-380d-42a1-accb-9889c40478f6
Sleeper's Robe,IN,Invasion,4,regular,"",273,
"Slimefoot, the Stowaway",DOM,Dominaria,1,regular,"",205,
"Slinn Voda, the Rising Deep",DOM,Dominaria,1,regular,"",66,
Slippery Bogbonder,NCC,Streets of New Capenna Commander,1,regular,"",312,f9fc4f93-398c-4d11-a393-dd35e16ac1cc
Smelt-Ward Ignus,RNA,Ravnica Allegiance,1,regular,"",116,
Snowfield Sinkhole,CLB,Commander Legends: Battle for Baldur's Gate,1,regular,"",915,3c6e17f2-b1e4-4189-a02f-92fa4b13a1ed
Sol Ring,CLB,Commander Legends: Battle for Baldur's Gate,2,regular,"",871,199cde21-5bc3-49cd-acd4-bae3af6e5881
Sol Ring,NCC,Streets of New Capenna Commander,1,regular,"",379,e1187999-521d-4ed0-8673-6eb8f3c58bb8
Solemn Doomguide,CLB,Commander Legends: Battle for Baldur's Gate,1,regular,"",672,b467929d-5fc3-4104-8a29-a8157835f274
Solemn Recruit,CLB,Commander Legends: Battle for Baldur's Gate,1,regular,"",708,4b93ee66-bc1d-42ad-8839-d77ab5992f14
Sorcerer's Wand,DOM,Dominaria,1,regular,"",231,
"Sorin, Imperious Bloodlord",M20,Core Set 2020,1,regular,"",115,
Spara's Adjudicators,SNC,Streets of New Capenna,1,foil,showcase,335,4495468f-a587-48f7-875d-dad80b86c156
Spark Harvest,WAR,War of the Spark,1,regular,"",105,2013a138-f8e2-4a67-91e8-759288d985a7
Spawning Bed,BFZ,Battle for Zendikar,1,regular,"",248,
Spear Spewer,RNA,Ravnica Allegiance,1,regular,"",117,
Spectral Sailor,M20,Core Set 2020,1,regular,"",76,
Sphinx of Foresight,RNA,Ravnica Allegiance,1,regular,"",55,
Sphinx of New Prahv,RNA,Ravnica Allegiance,1,regular,"",208,
Spire Mangler,RNA,Ravnica Allegiance,1,regular,"",86,
Spirit of the Hunt,EMN,Eldritch Moon,4,regular,"",170,
Splendor Mare,IKO,Ikoria: Lair of Behemoths,1,regular,"",32,535ccc75-b24e-4071-b6a0-fc5267a454e3
Spreading Insurrection,MH2,Modern Horizons 2,1,regular,"",142,f1c1918b-2f7a-4cab-9547-029ebc589000
Squad Commander,CLB,Commander Legends: Battle for Baldur's Gate,1,regular,"",709,5390bbf3-9906-46a9-81d3-60e23eb89ca1
"Squee, Dubious Monarch",DMU,Dominaria United,1,regular,"",146,3cd907ed-9c68-4bd6-af92-6244909fdf8b
Starlit Sanctum,CLB,Commander Legends: Battle for Baldur's Gate,1,regular,"",917,f5774836-0140-420a-9a0f-8ba291cc5ca8
Steel Leaf Champion,DOM,Dominaria,1,regular,"",182,
Steel Overseer,M11,Magic 2011,1,regular,"",214,
Steel Overseer,M20,Core Set 2020,1,regular,"",239,
Steelbane Hydra,NCC,Streets of New Capenna Commander,1,regular,"",313,c091fe70-ade7-43f9-9081-3263a2524d51
Stensia Masquerade,SOI,Shadows over Innistrad,1,regular,"",184,
Stick Together,CLB,Commander Legends: Battle for Baldur's Gate,1,regular,"",661,8d77a57a-e30b-46d7-acb8-1d164c7dff78
Stoic Rebuttal,SOM,Scars of Mirrodin,4,regular,"",46,
Storm of Forms,NCC,Streets of New Capenna Commander,2,regular,"",32,5fab4f0d-006d-4a94-80ba-924f19b42f63
Storm the Citadel,WAR,War of the Spark,1,regular,"",178,04b3b12e-bef7-409e-86b3-9e90640e598c
Stormcrag Elemental,DTK,Dragons of Tarkir,1,regular,"",158,
Stormrider Rig,DTK,Dragons of Tarkir,1,regular,"",245,
Stormwing Dragon,DTK,Dragons of Tarkir,2,regular,"",159,
Stratus Dancer,DTK,Dragons of Tarkir,1,regular,"",80,
Strongarm Monk,DTK,Dragons of Tarkir,1,regular,"",39,
Sunbringer's Touch,DTK,Dragons of Tarkir,1,regular,"",209,
Sungrass Prairie,NCC,Streets of New Capenna Commander,1,regular,"",430,69f8f64c-2a4d-4df0-8356-cb15a60b54a6
Surge of Righteousness,DTK,Dragons of Tarkir,2,regular,"",42,
"Surrak, the Hunt Caller",DTK,Dragons of Tarkir,1,foil,"",210,
Swamp,THS,Theros,1,regular,239,239,
Swamp,M13,Magic 2013,1,regular,241,241,
Swamp,DTK,Dragons of Tarkir,1,regular,257,257,
Swamp,KTK,Khans of Tarkir,1,regular,259,259,
Swamp,ORI,Magic Origins,1,regular,261,261,
Swamp,ORI,Magic Origins,1,regular,262,262,
Swamp,RTR,Return to Ravnica,1,regular,262,262,
Swamp,ORI,Magic Origins,1,regular,263,263,
Swamp,DMU,Dominaria United,8,regular,268,268,5a846f00-ccb9-4ee2-8358-7c7722258601
Swamp,DMU,Dominaria United,6,regular,269,269,00daa026-aba3-421e-9eaa-aa5649b36eb2
Swamp,DMU,Dominaria United,1,foil,269,269,00daa026-aba3-421e-9eaa-aa5649b36eb2
Swamp,M19,Core Set 2019,1,regular,269,269,
Swamp,DMU,Dominaria United,5,regular,270,270,0306607d-2a42-4008-ac84-8d3ed91fe3aa
Swamp,DMU,Dominaria United,1,foil,270,270,0306607d-2a42-4008-ac84-8d3ed91fe3aa
Swamp,M20,Core Set 2020,1,regular,270,270,
Swamp,SOI,Shadows over Innistrad,1,regular,289,289,
Swamp,TSP,Time Spiral,3,regular,290,290,
Swamp,TSP,Time Spiral,6,regular,291,291,
Swamp,TSP,Time Spiral,2,regular,292,292,
Swamp,TSP,Time Spiral,1,regular,293,293,
Swamp,MRD,Mirrodin,2,regular,296,296,
Swamp,MRD,Mirrodin,2,regular,298,298,
Swamp,CLB,Commander Legends: Battle for Baldur's Gate,3,regular,459,459,fc4111be-6dae-4ca5-bd58-c1ce7cfa9cf6
Swamp,CLB,Commander Legends: Battle for Baldur's Gate,2,regular,460,460,e0866a19-429b-43e4-a4a1-338fe12ead42
Swamp,CLB,Commander Legends: Battle for Baldur's Gate,3,regular,461,461,716460ce-2602-476c-aa53-40d1f22ea7c8
Swamp,CLB,Commander Legends: Battle for Baldur's Gate,2,regular,462,462,19c03592-debd-4b4f-a5ea-a31ce63f5d23
Swamp,DDQ,Duel Decks: Blessed vs. Cursed,1,regular,76,76,
Swiftfoot Boots,NCC,Streets of New Capenna Commander,1,regular,"",382,3cb171ef-42eb-466e-b425-e3c16301c0ca
Swiftwater Cliffs,M20,Core Set 2020,1,regular,"",252,
Tainted Field,CLB,Commander Legends: Battle for Baldur's Gate,1,regular,"",919,67f04e85-1b2b-4eb6-8332-4c13c2149d39
Talisman of Hierarchy,CLB,Commander Legends: Battle for Baldur's Gate,1,regular,"",878,2299c93e-f3a6-4b41-857b-e3d1aff0f622
Tamiyo's Journal,SOI,Shadows over Innistrad,1,regular,"",265,
Tangled Islet,DMU,Dominaria United,1,regular,"",258,4a325fb4-fe71-47f1-9a2f-05b8cfe88fe6
"Tatyova, Steward of Tides",DMU,Dominaria United,1,regular,showcase,321,74c3f2dd-8745-4e2e-b01c-6b692c6ff8af
Temple Altisaur,RIX,Rivals of Ixalan,1,regular,"",28,fa8f8d61-51d6-479b-a812-6cbacc7ea1fc
Temple of Mystery,NCC,Streets of New Capenna Commander,1,regular,"",434,c79d3853-f2a3-4dea-b60f-831e39ecdc44
Temple of Silence,CLB,Commander Legends: Battle for Baldur's Gate,1,regular,"",924,2a3288ba-038c-4d8e-939d-c513a76fbfbf
Temple of the False God,CLB,Commander Legends: Battle for Baldur's Gate,1,regular,"",925,1a8b9fd8-ece4-45ba-9fdf-4cb715bcd843
Terramorphic Expanse,AFC,Adventures in the Forgotten Realms Commander,1,regular,"",267,08ac4e43-4e16-46a2-96f5-58d5550984c4
Terramorphic Expanse,C19,Commander 2019,4,regular,"",281,9acbdb64-fa26-4c77-b513-33e44ac86e20
Territorial Hammerskull,XLN,Ixalan,4,regular,"",41,
Tezzeret's Gambit,NCC,Streets of New Capenna Commander,1,regular,"",235,421391da-7435-4364-8d48-009d2c2bdad4
The Flame of Keld,DOM,Dominaria,1,regular,"",123,
The Wanderer,WAR,War of the Spark,1,regular,"",37,d0f0e463-9eed-4348-af7c-fde5f0d8188c
Thorn Elemental,DOM,Dominaria,1,regular,"",185,
Thornwood Falls,M20,Core Set 2020,2,regular,"",258,
Thought Distortion,M20,Core Set 2020,1,regular,"",117,
Thoughtcast,MRD,Mirrodin,4,regular,"",54,
Thran Portal,DMU,Dominaria United,1,regular,"",259,ef074a2e-a387-4af8-a180-74b145d93992
Thran Temporal Gateway,DOM,Dominaria,1,regular,"",233,
Thrashing Brontodon,RIX,Rivals of Ixalan,4,regular,"",148,0d9264ff-9f7c-46f3-862a-fee7ad213250
Thrummingbird,NCC,Streets of New Capenna Commander,1,regular,"",236,669bd3ff-2a78-47ca-87b7-635c6c1d6721
Thwart the Grave,CLB,Commander Legends: Battle for Baldur's Gate,1,regular,"",773,cc339d3b-9c89-4679-bc83-8399d9a864c7
Together Forever,NCC,Streets of New Capenna Commander,1,regular,"",212,4290786d-fbc2-4fdc-8bb1-def8944f0563
Tomebound Lich,M20,Core Set 2020,2,regular,"",219,
Tormenting Voice,DTK,Dragons of Tarkir,1,regular,"",163,
Torrent of Souls,EMA,Eternal Masters,1,regular,"",217,
Tournament Grounds,ELD,Throne of Eldraine,1,regular,"",248,cd438d51-a778-4b38-8b4b-a6a9cd9b4b22
Town Gossipmonger,SOI,Shadows over Innistrad,1,regular,"",46,
Tramway Station,SNC,Streets of New Capenna,1,regular,"",258,e0532304-da6d-45cd-b1e6-4779d3f3b2bc
Transmogrifying Wand,M19,Core Set 2019,1,regular,"",247,
Treasure Keeper,AER,Aether Revolt,1,regular,"",177,
Turret Ogre,WAR,War of the Spark,1,regular,"",148,8b5f624f-c5eb-4150-b36e-6147b440ff56
Twinferno,DMU,Dominaria United,1,regular,"",149,bc531409-26cb-4c58-ba69-f39dd8aee3d1
Tyrannical Pitlord,DMU,Dominaria United,1,regular,"",284,027ef1fc-4a7a-465c-9c25-dc19c771b5f5
Tyrant Guard,40K,Warhammer 40K Commander Decks,1,regular,"",103,4e785abe-ae43-4e6b-9d6d-56e39ea348ef
"Tyvar, Jubilant Brawler",ONE,Phyrexia: All Will Be One,1,regular,"",218,66605fe1-9a20-4c95-b53e-1249cedb978b
Ukud Cobra,DTK,Dragons of Tarkir,2,regular,"",123,
Unbreakable Formation,CLB,Commander Legends: Battle for Baldur's Gate,2,regular,"",710,123ae9bd-896c-4f50-afe3-880cea85eee0
Unchained Berserker,M20,Core Set 2020,1,regular,"",164,
Unclaimed Territory,XLN,Ixalan,4,regular,"",258,
Unsummon,HOU,Hour of Devastation,4,regular,"",54,
Urban Evolution,NCC,Streets of New Capenna Commander,1,regular,"",355,85df7b1b-7cd6-499d-aa9d-5599a79a3512
"Urgoros, the Empty One",DOM,Dominaria,1,regular,"",109,
Valiant Changeling,CLB,Commander Legends: Battle for Baldur's Gate,1,regular,"",711,014fbb81-5d54-4f8f-8c91-071521b9cd33
Vampiric Rites,BFZ,Battle for Zendikar,1,regular,"",124,
Vault of the Archangel,CLB,Commander Legends: Battle for Baldur's Gate,1,regular,"",927,e1004cea-51d4-4d69-ad98-37a2e02492e0
Vault of the Archangel,DKA,Dark Ascension,2,regular,"",158,
Vault of Whispers,MRD,Mirrodin,4,regular,"",286,
Vedalken Archmage,MRD,Mirrodin,4,regular,"",55,
Vengeful Warchief,M20,Core Set 2020,2,regular,"",121,
Verdant Sun's Avatar,XLN,Ixalan,1,regular,"",213,
Vicious Offering,DOM,Dominaria,1,regular,"",110,
Village Messenger,SOI,Shadows over Innistrad,1,regular,"",190,
Village Rites,M21,Core Set 2021,1,regular,"",126,9c0f60a6-b5c8-4704-8b61-94e8fc463e5d
Vindictive Vampire,RNA,Ravnica Allegiance,2,regular,"",90,
Virulent Plague,DTK,Dragons of Tarkir,2,regular,"",125,
Vitality Hunter,C20,Commander 2020,1,regular,"",30,
Vivid Creek,NCC,Streets of New Capenna Commander,1,regular,"",444,c9082527-aa88-42f7-b2f2-de21878cb179
Vivid Grove,NCC,Streets of New Capenna Commander,1,regular,"",445,12ccc686-bbaa-4c34-a7b8-a1e763fe0ad0
Vivid Meadow,NCC,Streets of New Capenna Commander,1,regular,"",446,625a42b4-d88c-48e0-96b1-77388ca48810
Vizier of the Scorpion,WAR,War of the Spark,1,regular,"",111,2444c7dc-7aa1-4476-8660-19d26607306d
Vizkopa Vampire,RNA,Ravnica Allegiance,1,regular,"",220,
Void Squall,DTK,Dragons of Tarkir,1,regular,"",83,
Volcanic Vision,DTK,Dragons of Tarkir,1,regular,"",167,
Vorel of the Hull Clade,GK2,Ravnica Allegiance Guild Kits,1,regular,"",128,
Wall of Lost Thoughts,RNA,Ravnica Allegiance,1,regular,"",59,
War Dance,UZ,Urza's Saga,1,regular,"",282,
War Room,CLB,Commander Legends: Battle for Baldur's Gate,1,regular,"",929,ed5cebc0-6a58-468d-a75e-46087ea2eb46
Warcry Phoenix,DOM,Dominaria,1,regular,"",150,
Warden of Evos Isle,M20,Core Set 2020,2,regular,"",79,
Warhost's Frenzy,DMU,Dominaria United,1,regular,"",151,a83d571b-ad91-43f5-8498-115cede4867d
Weaponcraft Enthusiast,KLD,Kaladesh,1,regular,"",105,
Weaponize the Monsters,IKO,Ikoria: Lair of Behemoths,1,regular,"",140,68bba622-a0ab-4c0e-88b1-9120690ea5a0
Welding Jar,MRD,Mirrodin,4,regular,"",274,
Widespread Brutality,WAR,War of the Spark,1,regular,"",226,97715d22-f432-4f67-b4ea-47b8fe6edca5
Wild-Field Scarecrow,SOI,Shadows over Innistrad,2,regular,"",269,
Wind-Scarred Crag,FRF,Fate Reforged,1,regular,"",175,
Windbrisk Heights,CLB,Commander Legends: Battle for Baldur's Gate,1,regular,"",930,cc4aa7d1-e168-4fa0-baf0-1102086dc717
Wingspan Mentor,NCC,Streets of New Capenna Commander,1,regular,"",239,225701da-1e6d-479c-aecc-3a13e0698524
Wishclaw Talisman,ELD,Throne of Eldraine,1,regular,"",110,07c17b01-ee5d-491a-8403-b3f819b778c4
Woe Strider,CLB,Commander Legends: Battle for Baldur's Gate,1,regular,"",774,97f6c62a-b149-4cc2-9210-6420f31a6781
Wolfbriar Elemental,CNS,Magic: The Gathering—Conspiracy,3,regular,"",182,
Wolfir Avenger,AVR,Avacyn Restored,4,regular,"",205,
Wolfir Silverheart,AVR,Avacyn Restored,4,regular,"",206,
Wolfkin Bond,M20,Core Set 2020,3,regular,"",203,
Wolfrider's Saddle,M20,Core Set 2020,1,regular,"",204,
Wooded Ridgeline,DMU,Dominaria United,1,regular,"",260,e8e31184-dca4-48b1-be9d-581247c41d99
Woodland Champion,M20,Core Set 2020,2,regular,"",205,
"Yarok, the Desecrated",M20,Core Set 2020,1,regular,"",220,
Yavimaya Elder,MH2,Modern Horizons 2,1,regular,"",288,c8511fe7-63f9-4942-8972-d40bf5d7e949
Young Wolf,DKA,Dark Ascension,4,regular,"",134,
Youthful Scholar,DTK,Dragons of Tarkir,1,regular,"",84,
"Zar Ojanen, Scion of Efrava",DMU,Dominaria United,1,regular,"",227,65c903e3-d622-415e-9144-a5b2f3f7b9ed
"Zetalpa, Primal Dawn",RIX,Rivals of Ixalan,1,regular,"",30,3d10560f-199d-4d04-b573-90024f8aecc4
Zulaport Cutthroat,CLB,Commander Legends: Battle for Baldur's Gate,1,regular,"",775,52ef00c1-613a-4cbd-8972-77c41f649431
